[
    {
        "Docket_Number": "360461880",
        "Latest_Update": "Date: 20-NOV-2025, Time: 18:00, Loc: Agartala, Status: Shipment Booked",
        "Previous_Status": ""
    },
    {
        "Docket_Number": "377282652",
        "Latest_Update": "Date: 23-NOV-2025, Time: 05:47, Loc: Ahmedabad Stc, Status: Out For Next Location Salem Stc",
        "Previous_Status": "Received At Ahmedabad Stc 22-NOV-2025 14:29"
    },
    {
        "Docket_Number": "360461590",
        "Latest_Update": "Date: 22-NOV-2025, Time: 22:05, Loc: Agartala, Status: Shipment Booked",
        "Previous_Status": ""
    },
    {
        "Docket_Number": "360461637",
        "Latest_Update": "Date: 22-NOV-2025, Time: 23:03, Loc: Agartala, Status: Shipment Booked",
        "Previous_Status": ""
    },
    {
        "Docket_Number": "360461606",
        "Latest_Update": "Date: 22-NOV-2025, Time: 23:06, Loc: Agartala, Status: Shipment Booked",
        "Previous_Status": ""
    },
    {
        "Docket_Number": "360461613",
        "Latest_Update": "Date: 22-NOV-2025, Time: 22:52, Loc: Agartala, Status: Shipment Booked",
        "Previous_Status": ""
    },
    {
        "Docket_Number": "229907058",
        "Latest_Update": "Date: 24-NOV-2025, Time: 04:00, Loc: Ahmedabad Stc, Status: Out For Next Location Coimbatore",
        "Previous_Status": "Received At Ahmedabad Stc 23-NOV-2025 18:06"
    },
    {
        "Docket_Number": "229907096",
        "Latest_Update": "Date: 23-NOV-2025, Time: 22:23, Loc: Ahmedabad Stc, Status: Out For Next Location Indore",
        "Previous_Status": "Received At Ahmedabad Stc 23-NOV-2025 18:06"
    },
    {
        "Docket_Number": "229907065",
        "Latest_Update": "Date: 24-NOV-2025, Time: 02:02, Loc: Ahmedabad Stc, Status: Out For Next Location Nagpur Stc",
        "Previous_Status": "Received At Ahmedabad Stc 23-NOV-2025 18:06"
    },
    {
        "Docket_Number": "6210411419",
        "Latest_Update": "",
        "Previous_Status": ""
    },
    {
        "Docket_Number": "6210417388",
        "Latest_Update": "",
        "Previous_Status": ""
    },
    {
        "Docket_Number": "6210417212",
        "Latest_Update": "",
        "Previous_Status": ""
    },
    {
        "Docket_Number": "6210417547",
        "Latest_Update": "",
        "Previous_Status": ""
    },
    {
        "Docket_Number": "229907089",
        "Latest_Update": "Date: 23-NOV-2025, Time: 21:58, Loc: Ahmedabad Stc, Status: Out For Next Location Delhi Stc",
        "Previous_Status": "Received At Ahmedabad Stc 23-NOV-2025 18:06"
    },
    {
        "Docket_Number": "229907119",
        "Latest_Update": "Date: 24-NOV-2025, Time: 02:02, Loc: Ahmedabad Stc, Status: Out For Next Location Nagpur Stc",
        "Previous_Status": "Received At Ahmedabad Stc 23-NOV-2025 18:06"
    },
    {
        "Docket_Number": "229907102",
        "Latest_Update": "Date: 23-NOV-2025, Time: 18:06, Loc: Ahmedabad Stc, Status: Received At Ahmedabad Stc",
        "Previous_Status": "Departed From Origin 23-NOV-2025 16:28"
    }
]